6871bfd2fb74b00a73309084,Hays Wise,24,male
6871bfd2fb74b00a73309085,Kitty Snow,38,female
6871bfd2fb74b00a73309086,Aurelia Gonzales,20,female
6871bfd2fb74b00a73309087,Tina Barnett,39,female
6871bfd2fb74b00a73309088,Morrison Sheppard,34,male
6871bfd2fb74b00a73309089,Le Farley,36,male
6871bfd2fb74b00a7330908a,Belinda Zimmerman,34,female
6871bfd2fb74b00a7330908b,Wendy Sampson,20,female
6871bfd2fb74b00a7330908c,Sharon Grimes,28,female
6871bfd2fb74b00a7330908d,Newman Rodriquez,29,male
6871bfd2fb74b00a7330908e,Santana Preston,40,male
6871bfd2fb74b00a7330908f,Mable Pratt,32,female
6871bfd2fb74b00a73309090,Lupe Barry,25,female
6871bfd2fb74b00a73309091,Franco Ochoa,35,male
6871bfd2fb74b00a73309092,Mcguire Vincent,24,male
6871bfd2fb74b00a73309093,Carmella Morse,39,female
6871bfd2fb74b00a73309094,Dale Holman,22,male
6871bfd2fb74b00a73309095,Karyn Rhodes,39,female
6871bfd2fb74b00a73309096,Maldonado Osborne,31,male
6871bfd2fb74b00a73309097,Herman David,33,male
6871bfd2fb74b00a73309098,Berta Case,23,female
6871bfd2fb74b00a73309099,Agnes West,39,female
6871bfd2fb74b00a7330909a,Abby Wallace,40,female
6871bfd2fb74b00a7330909b,Hahn Pope,21,male
6871bfd2fb74b00a7330909c,Leila Cervantes,40,female
6871bfd2fb74b00a7330909d,Alison Farmer,33,female
6871bfd2fb74b00a7330909e,Bowman Whitaker,21,male
6871bfd2fb74b00a7330909f,Roseann Conrad,34,female
6871bfd2fb74b00a733090a0,Bryant Thornton,37,male
6871bfd2fb74b00a733090a1,Grace Larson,20,female
6871bfd2fb74b00a733090a2,Anastasia Blake,40,female
6871bfd2fb74b00a733090a3,Frances Camacho,24,female
6871bfd2fb74b00a733090a4,Curtis Bruce,39,male
6871bfd2fb74b00a733090a5,Merle Hall,24,female
6871bfd2fb74b00a733090a6,Nola Foster,21,female
6871bfd2fb74b00a733090a7,Bobbie Sawyer,30,female
6871bfd2fb74b00a733090a8,Bentley Santana,24,male
6871bfd2fb74b00a733090a9,Sheila Lynch,31,female
6871bfd2fb74b00a733090aa,Combs Graham,20,male
6871bfd2fb74b00a733090ab,Livingston Huber,40,male
6871bfd2fb74b00a733090ac,Latasha Bailey,25,female
6871bfd2fb74b00a733090ad,Elliott Phelps,32,male
6871bfd2fb74b00a733090ae,Benjamin Espinoza,40,male
6871bfd2fb74b00a733090af,Wong Weber,23,male
6871bfd2fb74b00a733090b0,Gracie Ramirez,24,female
6871bfd2fb74b00a733090b1,Vaughan Walters,35,male
6871bfd2fb74b00a733090b2,Alejandra Collins,23,female
6871bfd2fb74b00a733090b3,Charlotte Larsen,26,female
6871bfd2fb74b00a733090b4,Cobb Wells,20,male
6871bfd2fb74b00a733090b5,Deanna Sweeney,38,female
6871bfd2fb74b00a733090b6,Milagros Levy,33,female
6871bfd2fb74b00a733090b7,Christa Maxwell,40,female
6871bfd2fb74b00a733090b8,David French,35,male
6871bfd2fb74b00a733090b9,Meagan Moran,25,female
6871bfd2fb74b00a733090ba,Fuentes Vang,38,male
6871bfd2fb74b00a733090bb,Louella Glenn,24,female
6871bfd2fb74b00a733090bc,Kimberly House,20,female
6871bfd2fb74b00a733090bd,Dominique Bowman,26,female
6871bfd2fb74b00a733090be,Jerry Pearson,25,female
6871bfd2fb74b00a733090bf,Mercado Riddle,38,male
6871bfd2fb74b00a733090c0,Bolton Henson,31,male
6871bfd2fb74b00a733090c1,Larson Terry,23,male
6871bfd2fb74b00a733090c2,Alexandra Vance,38,female
6871bfd2fb74b00a733090c3,Margo Wooten,38,female
6871bfd2fb74b00a733090c4,Lang Tanner,29,male
6871bfd2fb74b00a733090c5,Crane Dunn,26,male
6871bfd2fb74b00a733090c6,Dickerson Benson,28,male
6871bfd2fb74b00a733090c7,Noemi Herrera,31,female
6871bfd2fb74b00a733090c8,Allyson Padilla,34,female
6871bfd2fb74b00a733090c9,Downs Cantu,29,male
6871bfd2fb74b00a733090ca,Jan Barron,29,female
6871bfd2fb74b00a733090cb,Mills Conley,22,male
6871bfd2fb74b00a733090cc,Gertrude Talley,38,female
6871bfd2fb74b00a733090cd,Clara Guerra,27,female
6871bfd2fb74b00a733090ce,Evangelina Strickland,38,female
6871bfd2fb74b00a733090cf,Rosanna Davis,22,female
6871bfd2fb74b00a733090d0,Randall Sharp,36,male
6871bfd2fb74b00a733090d1,Paula Mcdaniel,32,female
6871bfd2fb74b00a733090d2,Eva Hooper,37,female
6871bfd2fb74b00a733090d3,Rollins Serrano,29,male
6871bfd2fb74b00a733090d4,Cunningham Compton,37,male
6871bfd2fb74b00a733090d5,Betty Richardson,24,female
6871bfd2fb74b00a733090d6,Tessa Myers,37,female
6871bfd2fb74b00a733090d7,Hazel Mason,34,female
6871bfd2fb74b00a733090d8,Herrera Harrell,22,male
6871bfd2fb74b00a733090d9,Hendrix Boyle,22,male
6871bfd2fb74b00a733090da,Villarreal Page,40,male
6871bfd2fb74b00a733090db,Rios Harmon,36,male
6871bfd2fb74b00a733090dc,Briana Flores,36,female
6871bfd2fb74b00a733090dd,Henderson Greene,28,male
6871bfd2fb74b00a733090de,Maggie Meyer,31,female
6871bfd2fb74b00a733090df,Cline Kemp,23,male
6871bfd2fb74b00a733090e0,Singleton Jackson,35,male
6871bfd2fb74b00a733090e1,Mcgee Ratliff,25,male
6871bfd2fb74b00a733090e2,Ines Mcgee,21,female
6871bfd2fb74b00a733090e3,Howe Shields,20,male
6871bfd2fb74b00a733090e4,Barry Bird,25,male
6871bfd2fb74b00a733090e5,Constance Alvarado,30,female
6871bfd2fb74b00a733090e6,Berry Marsh,26,male
6871bfd2fb74b00a733090e7,Becker Lara,32,male
6871bfd2fb74b00a733090e8,Natalia Rasmussen,39,female
6871bfd2fb74b00a733090e9,Verna Wolf,23,female
6871bfd2fb74b00a733090ea,Sallie Schmidt,30,female
6871bfd2fb74b00a733090eb,Foley Oneill,32,male
6871bfd2fb74b00a733090ec,Lorene Newman,28,female
6871bfd2fb74b00a733090ed,Loretta Pace,36,female
6871bfd2fb74b00a733090ee,Burt Stout,26,male
6871bfd2fb74b00a733090ef,Nancy Stephenson,35,female
6871bfd2fb74b00a733090f0,Kelly Valencia,20,male
6871bfd2fb74b00a733090f1,Noelle Stein,28,female
6871bfd2fb74b00a733090f2,Adeline Brewer,24,female
6871bfd2fb74b00a733090f3,June Fleming,23,female
6871bfd2fb74b00a733090f4,Gibbs Carr,23,male
6871bfd2fb74b00a733090f5,Sargent Casey,37,male
6871bfd2fb74b00a733090f6,Oneal Branch,28,male
6871bfd2fb74b00a733090f7,Mindy Swanson,37,female
6871bfd2fb74b00a733090f8,Marquez Mosley,31,male
6871bfd2fb74b00a733090f9,Debbie Griffin,21,female
6871bfd2fb74b00a733090fa,Angelica Bryan,40,female
6871bfd2fb74b00a733090fb,Cox Bernard,22,male
6871bfd2fb74b00a733090fc,Clarice Craft,30,female
6871bfd2fb74b00a733090fd,Compton Prince,39,male
6871bfd2fb74b00a733090fe,Amanda Wood,33,female
6871bfd2fb74b00a733090ff,Vilma Moss,33,female
6871bfd2fb74b00a73309100,Silva Cross,22,male
6871bfd2fb74b00a73309101,Melton Carrillo,25,male
6871bfd2fb74b00a73309102,Tyler Haney,23,male
6871bfd2fb74b00a73309103,Gould Fields,37,male
6871bfd2fb74b00a73309104,Whitney Vaughan,29,female
6871bfd2fb74b00a73309105,Lambert Todd,35,male
6871bfd2fb74b00a73309106,Isabel Burt,37,female
6871bfd2fb74b00a73309107,Misty Stewart,31,female
6871bfd2fb74b00a73309108,Marks Barrett,33,male
6871bfd2fb74b00a73309109,Krista Salinas,38,female
6871bfd2fb74b00a7330910a,Leach Kennedy,35,male
6871bfd2fb74b00a7330910b,Jenkins Huffman,38,male
6871bfd2fb74b00a7330910c,Maryanne Kim,23,female
6871bfd2fb74b00a7330910d,Mildred Boyer,25,female
6871bfd2fb74b00a7330910e,Kasey Hubbard,26,female
6871bfd2fb74b00a7330910f,Leona Kinney,26,female
6871bfd2fb74b00a73309110,Cash Gould,29,male
6871bfd2fb74b00a73309111,Marylou Wilkerson,33,female
6871bfd2fb74b00a73309112,Brandie Stark,38,female
6871bfd2fb74b00a73309113,Jennings Dillard,36,male
6871bfd2fb74b00a73309114,Randolph Cantrell,22,male
6871bfd2fb74b00a73309115,Kari Love,36,female
6871bfd2fb74b00a73309116,Hodge Fowler,35,male
6871bfd2fb74b00a73309117,Corina Nelson,39,female
6871bfd2fb74b00a73309118,Matthews Conway,28,male
6871bfd2fb74b00a73309119,Juliet Steele,38,female
6871bfd2fb74b00a7330911a,Carissa Richmond,23,female
6871bfd2fb74b00a7330911b,Ellen Schroeder,32,female
6871bfd2fb74b00a7330911c,Earnestine Kramer,34,female
6871bfd2fb74b00a7330911d,Branch Wheeler,29,male
6871bfd2fb74b00a7330911e,Higgins Cunningham,33,male
6871bfd2fb74b00a7330911f,Knight Silva,33,male
6871bfd2fb74b00a73309120,Tommie Cobb,21,female
6871bfd2fb74b00a73309121,Delaney Carver,33,male
6871bfd2fb74b00a73309122,Isabelle Oneal,21,female
6871bfd2fb74b00a73309123,Rosanne Burgess,39,female
6871bfd2fb74b00a73309124,Pauline Chandler,21,female
6871bfd2fb74b00a73309125,Nichols Howard,35,male
6871bfd2fb74b00a73309126,Rush Holcomb,21,male
6871bfd2fb74b00a73309127,Carmen Foley,34,female
6871bfd2fb74b00a73309128,Cole Zamora,39,male
6871bfd2fb74b00a73309129,Claire Brady,38,female
6871bfd2fb74b00a7330912a,Hoover Owens,21,male
6871bfd2fb74b00a7330912b,Justice Stafford,31,male
6871bfd2fb74b00a7330912c,Marva Mcgowan,36,female
6871bfd2fb74b00a7330912d,Rosemarie Vazquez,33,female
6871bfd2fb74b00a7330912e,Patton Maddox,37,male
6871bfd2fb74b00a7330912f,Justine Craig,24,female
6871bfd2fb74b00a73309130,Fay Trevino,20,female
6871bfd2fb74b00a73309131,Clemons Hurst,26,male
6871bfd2fb74b00a73309132,Edith Clark,31,female
6871bfd2fb74b00a73309133,Larsen Weiss,22,male
6871bfd2fb74b00a73309134,Elise Jennings,26,female
6871bfd2fb74b00a73309135,Velasquez Shelton,21,male
6871bfd2fb74b00a73309136,Julia Velez,24,female
6871bfd2fb74b00a73309137,Bonita Vasquez,27,female
6871bfd2fb74b00a73309138,Jo Knox,27,female
6871bfd2fb74b00a73309139,Dorthy Rojas,39,female
6871bfd2fb74b00a7330913a,Allie Short,38,female
6871bfd2fb74b00a7330913b,Laverne Wilkins,37,female
6871bfd2fb74b00a7330913c,Kelley Decker,32,male
6871bfd2fb74b00a7330913d,Ilene Miller,36,female
6871bfd2fb74b00a7330913e,Spears Berry,22,male
6871bfd2fb74b00a7330913f,Moran Le,21,male
6871bfd2fb74b00a73309140,Glover Leblanc,25,male
6871bfd2fb74b00a73309141,Fernandez Ward,38,male
6871bfd2fb74b00a73309142,Morris Fisher,27,male
6871bfd2fb74b00a73309143,Rosario Navarro,22,female
6871bfd2fb74b00a73309144,Frazier Bolton,38,male
6871bfd2fb74b00a73309145,Bernice Roach,34,female
6871bfd2fb74b00a73309146,Elvia Hart,34,female
6871bfd2fb74b00a73309147,Debora Barlow,38,female
6871bfd2fb74b00a73309148,Obrien Tucker,20,male
6871bfd2fb74b00a73309149,Zamora Douglas,34,male
6871bfd2fb74b00a7330914a,Baird Mccray,37,male
6871bfd2fb74b00a7330914b,Calderon Guthrie,21,male
6871bfd2fb74b00a7330914c,Nicole Cain,38,female
6871bfd2fb74b00a7330914d,Jimmie Williamson,32,female
6871bfd2fb74b00a7330914e,Kerri England,39,female
6871bfd2fb74b00a7330914f,Thomas Boyd,31,male
6871bfd2fb74b00a73309150,Jordan Cline,40,male
6871bfd2fb74b00a73309151,Serrano Avila,36,male
6871bfd2fb74b00a73309152,Lenore Mccullough,40,female
6871bfd2fb74b00a73309153,Whitney Conner,33,male
6871bfd2fb74b00a73309154,Ophelia Washington,20,female
6871bfd2fb74b00a73309155,Claudine Smith,22,female
6871bfd2fb74b00a73309156,Mcclure Potter,39,male
6871bfd2fb74b00a73309157,Vargas Trujillo,33,male
6871bfd2fb74b00a73309158,Whitley Turner,40,male
6871bfd2fb74b00a73309159,Pat Payne,32,female
6871bfd2fb74b00a7330915a,Stacey Rivas,26,female
6871bfd2fb74b00a7330915b,Leticia Gentry,33,female
6871bfd2fb74b00a7330915c,Phyllis Howe,26,female
6871bfd2fb74b00a7330915d,Murray Bass,35,male
6871bfd2fb74b00a7330915e,Norman Solis,40,male
6871bfd2fb74b00a7330915f,Elena Morin,33,female
6871bfd2fb74b00a73309160,Vivian Howell,20,female
6871bfd2fb74b00a73309161,Coleen Hamilton,23,female
6871bfd2fb74b00a73309162,Barron Winters,23,male
6871bfd2fb74b00a73309163,Maura Witt,28,female
6871bfd2fb74b00a73309164,Myers Villarreal,39,male
6871bfd2fb74b00a73309165,Fitzgerald Walton,34,male
6871bfd2fb74b00a73309166,Erna Perkins,28,female
6871bfd2fb74b00a73309167,Lorie Frederick,23,female
6871bfd2fb74b00a73309168,Chase Albert,22,male
6871bfd2fb74b00a73309169,Flores Fletcher,23,male
6871bfd2fb74b00a7330916a,Fanny Koch,37,female
6871bfd2fb74b00a7330916b,Earline Haley,21,female
6871bfd2fb74b00a7330916c,Yvette Mcclure,26,female
6871bfd2fb74b00a7330916d,Dina Booth,29,female
6871bfd2fb74b00a7330916e,Natalie Wolfe,32,female
6871bfd2fb74b00a7330916f,Lancaster Pruitt,20,male
6871bfd2fb74b00a73309170,Davidson Castro,33,male
6871bfd2fb74b00a73309171,Goff Townsend,28,male
6871bfd2fb74b00a73309172,William Hood,40,male
6871bfd2fb74b00a73309173,Selma Ingram,31,female
6871bfd2fb74b00a73309174,Dianna Ferguson,26,female
6871bfd2fb74b00a73309175,Rivers Powell,29,male
6871bfd2fb74b00a73309176,Chen Hays,25,male
6871bfd2fb74b00a73309177,Esmeralda Cortez,21,female
6871bfd2fb74b00a73309178,Madeline Simon,21,female
6871bfd2fb74b00a73309179,Wanda Hahn,32,female
6871bfd2fb74b00a7330917a,Maryann Lawson,39,female
6871bfd2fb74b00a7330917b,Florence Shannon,21,female
6871bfd2fb74b00a7330917c,Sawyer Cook,31,male
6871bfd2fb74b00a7330917d,Valdez Schwartz,37,male
6871bfd2fb74b00a7330917e,Elisabeth Adams,34,female
6871bfd2fb74b00a7330917f,Kristen Taylor,34,female
6871bfd2fb74b00a73309180,Tanisha Houston,26,female
6871bfd2fb74b00a73309181,Cecelia Miranda,22,female
6871bfd2fb74b00a73309182,Castaneda Rice,25,male
6871bfd2fb74b00a73309183,Garcia Dudley,24,male
6871bfd2fb74b00a73309184,Letha Alford,39,female
6871bfd2fb74b00a73309185,Callie Dillon,33,female
6871bfd2fb74b00a73309186,Vance Sanford,26,male
6871bfd2fb74b00a73309187,Myra Garcia,24,female
6871bfd2fb74b00a73309188,Stafford Montgomery,22,male
6871bfd2fb74b00a73309189,Dollie Berger,38,female
6871bfd2fb74b00a7330918a,Vinson Barrera,35,male
6871bfd2fb74b00a7330918b,Adrian Whitney,34,female
6871bfd2fb74b00a7330918c,Barrett Pacheco,40,male
6871bfd2fb74b00a7330918d,Guerrero Woodward,31,male
6871bfd2fb74b00a7330918e,Cassie Frazier,32,female
6871bfd2fb74b00a7330918f,Dolly Pitts,34,female
6871bfd2fb74b00a73309190,Pace Irwin,20,male
6871bfd2fb74b00a73309191,Pickett Dalton,22,male
6871bfd2fb74b00a73309192,Jacobson Morrow,30,male
6871bfd2fb74b00a73309193,Pansy Landry,37,female
6871bfd2fb74b00a73309194,Marion Hendricks,32,female
6871bfd2fb74b00a73309195,Cohen Dixon,28,male
6871bfd2fb74b00a73309196,Diann Key,22,female
6871bfd2fb74b00a73309197,Berger Edwards,28,male
6871bfd2fb74b00a73309198,Vonda Yang,31,female
6871bfd2fb74b00a73309199,Enid Rivers,27,female
6871bfd2fb74b00a7330919a,Tucker Olsen,22,male
6871bfd2fb74b00a7330919b,Cherry Pierce,31,female
6871bfd2fb74b00a7330919c,Monica Meyers,28,female
6871bfd2fb74b00a7330919d,Christina Monroe,24,female
6871bfd2fb74b00a7330919e,Jensen Munoz,36,male
6871bfd2fb74b00a7330919f,Erin Barton,26,female
6871bfd2fb74b00a733091a0,Alyson Perez,21,female
6871bfd2fb74b00a733091a1,Walter Gordon,26,male
6871bfd2fb74b00a733091a2,Baker Dunlap,20,male
6871bfd2fb74b00a733091a3,Christie Martinez,25,female
6871bfd2fb74b00a733091a4,Vang Lane,38,male
6871bfd2fb74b00a733091a5,Barbara Battle,38,female
6871bfd2fb74b00a733091a6,Dodson Hess,36,male
6871bfd2fb74b00a733091a7,Ferrell Pollard,23,male
6871bfd2fb74b00a733091a8,Araceli Copeland,25,female
6871bfd2fb74b00a733091a9,Brennan Gillespie,20,male
6871bfd2fb74b00a733091aa,Donna Baird,22,female
6871bfd2fb74b00a733091ab,Anderson Salazar,37,male
6871bfd2fb74b00a733091ac,Powell Sherman,25,male
6871bfd2fb74b00a733091ad,Yang Hammond,39,male
6871bfd2fb74b00a733091ae,Goldie Crawford,22,female
6871bfd2fb74b00a733091af,Ratliff Frank,28,male
6871bfd2fb74b00a733091b0,Rae Robertson,27,female
6871bfd2fb74b00a733091b1,Faye Clayton,40,female
6871bfd2fb74b00a733091b2,Mcneil Terrell,25,male
6871bfd2fb74b00a733091b3,Lorna Lowery,26,female
6871bfd2fb74b00a733091b4,Cristina Stephens,23,female
6871bfd2fb74b00a733091b5,Gladys Harrison,20,female
6871bfd2fb74b00a733091b6,Sheri Jensen,33,female
6871bfd2fb74b00a733091b7,Hanson Chen,21,male
6871bfd2fb74b00a733091b8,Socorro Rowe,29,female
6871bfd2fb74b00a733091b9,Vincent Abbott,34,male
6871bfd2fb74b00a733091ba,Chavez Elliott,39,male
6871bfd2fb74b00a733091bb,Ernestine Cooley,39,female
6871bfd2fb74b00a733091bc,Tara Sexton,27,female
6871bfd2fb74b00a733091bd,Violet Joyce,24,female
6871bfd2fb74b00a733091be,Craft Mcbride,26,male
6871bfd2fb74b00a733091bf,Harding Wilkinson,37,male
6871bfd2fb74b00a733091c0,Smith Richards,36,male
6871bfd2fb74b00a733091c1,Manuela Simpson,22,female
6871bfd2fb74b00a733091c2,Curry Pennington,33,male
6871bfd2fb74b00a733091c3,Butler Riley,37,male
6871bfd2fb74b00a733091c4,Casandra Lester,24,female
6871bfd2fb74b00a733091c5,Sadie Michael,25,female
6871bfd2fb74b00a733091c6,Becky Baldwin,34,female
6871bfd2fb74b00a733091c7,Robert Delaney,39,female
6871bfd2fb74b00a733091c8,Head Whitehead,35,male
6871bfd2fb74b00a733091c9,Bradshaw Austin,24,male
6871bfd2fb74b00a733091ca,Patti Lyons,35,female
6871bfd2fb74b00a733091cb,Estella Mccarthy,20,female
6871bfd2fb74b00a733091cc,Price Logan,28,male
6871bfd2fb74b00a733091cd,Durham Russell,38,male
6871bfd2fb74b00a733091ce,Allison Cole,27,female
6871bfd2fb74b00a733091cf,Lakisha Rich,26,female
6871bfd2fb74b00a733091d0,Petersen Wright,21,male
6871bfd2fb74b00a733091d1,Tonia Morgan,37,female
6871bfd2fb74b00a733091d2,Wilkinson Hardin,30,male
6871bfd2fb74b00a733091d3,Lula Robles,32,female
6871bfd2fb74b00a733091d4,Lesa Mcdowell,26,female
6871bfd2fb74b00a733091d5,Maxine Rogers,36,female
6871bfd2fb74b00a733091d6,Hayes Montoya,39,male
6871bfd2fb74b00a733091d7,Collier Mcguire,29,male
6871bfd2fb74b00a733091d8,Joyce Puckett,29,male
6871bfd2fb74b00a733091d9,Bertie Cannon,34,female
6871bfd2fb74b00a733091da,Miriam Dorsey,27,female
6871bfd2fb74b00a733091db,Rocha Buck,27,male
6871bfd2fb74b00a733091dc,Hill Hartman,40,male
6871bfd2fb74b00a733091dd,Bond Marks,21,male
6871bfd2fb74b00a733091de,Gallegos Ryan,22,male
6871bfd2fb74b00a733091df,Waters Rollins,37,male
6871bfd2fb74b00a733091e0,Eddie Franklin,34,female
6871bfd2fb74b00a733091e1,Marina Rush,36,female
6871bfd2fb74b00a733091e2,Graciela Allison,34,female
6871bfd2fb74b00a733091e3,Chasity Robbins,35,female
6871bfd2fb74b00a733091e4,Velazquez Carroll,21,male
6871bfd2fb74b00a733091e5,Chambers Hill,37,male
6871bfd2fb74b00a733091e6,Melanie Leon,40,female
6871bfd2fb74b00a733091e7,Amelia Molina,33,female
6871bfd2fb74b00a733091e8,Roberta Santiago,27,female
6871bfd2fb74b00a733091e9,Blair Lawrence,25,male
6871bfd2fb74b00a733091ea,Valentine Flowers,22,male
6871bfd2fb74b00a733091eb,Thornton Juarez,20,male
6871bfd2fb74b00a733091ec,Opal Herman,21,female
6871bfd2fb74b00a733091ed,Booker Randolph,34,male
6871bfd2fb74b00a733091ee,Rose Byrd,37,male
6871bfd2fb74b00a733091ef,Harriet Bush,30,female
6871bfd2fb74b00a733091f0,Mcgowan Rosales,37,male
6871bfd2fb74b00a733091f1,Forbes Miles,20,male
6871bfd2fb74b00a733091f2,Meyers Gallagher,21,male
6871bfd2fb74b00a733091f3,Desiree Vaughn,32,female
6871bfd2fb74b00a733091f4,Jean Charles,23,female
6871bfd2fb74b00a733091f5,Hartman Nolan,35,male
6871bfd2fb74b00a733091f6,Blevins Chambers,30,male
6871bfd2fb74b00a733091f7,Gross George,31,male
6871bfd2fb74b00a733091f8,Annette Bishop,29,female
6871bfd2fb74b00a733091f9,Campos Valdez,29,male
6871bfd2fb74b00a733091fa,Sullivan Everett,36,male
6871bfd2fb74b00a733091fb,Simone Ramos,32,female
6871bfd2fb74b00a733091fc,Carmela Reyes,35,female
6871bfd2fb74b00a733091fd,Michele Suarez,33,female
6871bfd2fb74b00a733091fe,Gilmore Ayers,38,male
6871bfd2fb74b00a733091ff,Ingram Perry,32,male
6871bfd2fb74b00a73309200,Delacruz Owen,31,male
6871bfd2fb74b00a73309201,Kristie Duffy,39,female
6871bfd2fb74b00a73309202,Kirk Walsh,34,male
6871bfd2fb74b00a73309203,Boyd Duncan,30,male
6871bfd2fb74b00a73309204,Sanders Beach,39,male
6871bfd2fb74b00a73309205,Morales Kelly,37,male
6871bfd2fb74b00a73309206,Estes Moody,31,male
6871bfd2fb74b00a73309207,Lara Russo,30,female
6871bfd2fb74b00a73309208,Paulette Brennan,38,female
6871bfd2fb74b00a73309209,Stephens Watts,31,male
6871bfd2fb74b00a7330920a,Alexandria Cummings,32,female
6871bfd2fb74b00a7330920b,Marian Strong,35,female
6871bfd2fb74b00a7330920c,Alyssa Aguirre,22,female
6871bfd2fb74b00a7330920d,Laura Chang,27,female
6871bfd2fb74b00a7330920e,Etta Young,26,female
6871bfd2fb74b00a7330920f,Ofelia Ramsey,22,female
6871bfd2fb74b00a73309210,Emilia Mueller,24,female
6871bfd2fb74b00a73309211,Dale Fitzpatrick,30,female
6871bfd2fb74b00a73309212,Caroline Hopper,39,female
6871bfd2fb74b00a73309213,Jeannette Gay,33,female
6871bfd2fb74b00a73309214,Bartlett Matthews,21,male
6871bfd2fb74b00a73309215,Gomez Holland,20,male
6871bfd2fb74b00a73309216,Aline Tyson,35,female
6871bfd2fb74b00a73309217,Casey Olson,35,male
6871bfd2fb74b00a73309218,Lourdes Moon,34,female
6871bfd2fb74b00a73309219,Billie Lopez,20,female
6871bfd2fb74b00a7330921a,Lillie Lloyd,30,female
6871bfd2fb74b00a7330921b,Cabrera Manning,24,male
6871bfd2fb74b00a7330921c,Pratt Reynolds,33,male
6871bfd2fb74b00a7330921d,Reeves Lamb,36,male
6871bfd2fb74b00a7330921e,Juana Mcleod,20,female
6871bfd2fb74b00a7330921f,Dona Ray,22,female
6871bfd2fb74b00a73309220,Goodman Gibson,32,male
6871bfd2fb74b00a73309221,Mayer Ware,35,male
6871bfd2fb74b00a73309222,Hopkins Norris,37,male
6871bfd2fb74b00a73309223,Reba Welch,32,female
6871bfd2fb74b00a73309224,Payne Oneil,37,male
6871bfd2fb74b00a73309225,Ethel Horne,20,female
6871bfd2fb74b00a73309226,Leta Foreman,21,female
6871bfd2fb74b00a73309227,Patty Rios,35,female
6871bfd2fb74b00a73309228,Mercedes Mccoy,23,female
6871bfd2fb74b00a73309229,Judy Hale,21,female
6871bfd2fb74b00a7330922a,Hebert Jacobs,35,male
6871bfd2fb74b00a7330922b,Perkins Emerson,37,male
6871bfd2fb74b00a7330922c,Bethany Burnett,39,female
6871bfd2fb74b00a7330922d,Thompson Hewitt,38,male
6871bfd2fb74b00a7330922e,Sara Workman,26,female
6871bfd2fb74b00a7330922f,Bowen Gross,33,male
6871bfd2fb74b00a73309230,Angie Baker,36,female
6871bfd2fb74b00a73309231,Cherry Davidson,27,male
6871bfd2fb74b00a73309232,Imogene Christian,27,female
6871bfd2fb74b00a73309233,Sonja Galloway,33,female
6871bfd2fb74b00a73309234,Tabitha Melendez,21,female
6871bfd2fb74b00a73309235,Fannie Kline,30,female
6871bfd2fb74b00a73309236,Tanya Doyle,25,female
6871bfd2fb74b00a73309237,Celeste Armstrong,29,female
6871bfd2fb74b00a73309238,Norton White,29,male
6871bfd2fb74b00a73309239,Harris Flynn,28,male
6871bfd2fb74b00a7330923a,Ollie Head,30,female
6871bfd2fb74b00a7330923b,Candy Clemons,22,female
6871bfd2fb74b00a7330923c,Meredith Velasquez,39,female
6871bfd2fb74b00a7330923d,Estela Joyner,27,female
6871bfd2fb74b00a7330923e,Riggs Avery,20,male
6871bfd2fb74b00a7330923f,Michael Green,26,male
6871bfd2fb74b00a73309240,Cheri Wong,28,female
6871bfd2fb74b00a73309241,Glenda Sims,25,female
6871bfd2fb74b00a73309242,Cooke Black,39,male
6871bfd2fb74b00a73309243,Summer Deleon,21,female
6871bfd2fb74b00a73309244,Tasha Randall,33,female
6871bfd2fb74b00a73309245,Alta Nicholson,30,female
6871bfd2fb74b00a73309246,Lottie Cotton,31,female
6871bfd2fb74b00a73309247,Pennington Barker,31,male
6871bfd2fb74b00a73309248,Welch Yates,33,male
6871bfd2fb74b00a73309249,Wagner Salas,40,male
6871bfd2fb74b00a7330924a,Christian Hebert,26,female
6871bfd2fb74b00a7330924b,Monroe Francis,30,male
6871bfd2fb74b00a7330924c,Kelley Rose,21,female
6871bfd2fb74b00a7330924d,Pate Lancaster,39,male
6871bfd2fb74b00a7330924e,Ortiz Mack,22,male
6871bfd2fb74b00a7330924f,Vicki Keller,25,female
6871bfd2fb74b00a73309250,Neal Pena,35,male
6871bfd2fb74b00a73309251,Cote Kaufman,31,male
6871bfd2fb74b00a73309252,Moon Travis,34,male
6871bfd2fb74b00a73309253,Dora Simmons,26,female
6871bfd2fb74b00a73309254,Lilly Finley,25,female
6871bfd2fb74b00a73309255,Nelda Martin,34,female
6871bfd2fb74b00a73309256,Norma Allen,39,female
6871bfd2fb74b00a73309257,Chandra Blanchard,32,female
6871bfd2fb74b00a73309258,Luna Mathis,38,male
6871bfd2fb74b00a73309259,Jerri Garza,21,female
6871bfd2fb74b00a7330925a,Mcintosh Caldwell,27,male
6871bfd2fb74b00a7330925b,Maricela Obrien,39,female
6871bfd2fb74b00a7330925c,Marguerite Bennett,37,female
6871bfd2fb74b00a7330925d,Janelle Calhoun,23,female
6871bfd2fb74b00a7330925e,Debra Castaneda,40,female
6871bfd2fb74b00a7330925f,Alford Burton,40,male
6871bfd2fb74b00a73309260,Lawson Brooks,35,male
6871bfd2fb74b00a73309261,Castillo Moses,35,male
6871bfd2fb74b00a73309262,Carpenter James,29,male
6871bfd2fb74b00a73309263,Quinn Blair,21,male
6871bfd2fb74b00a73309264,Alba Willis,22,female
6871bfd2fb74b00a73309265,Shari Henderson,22,female
6871bfd2fb74b00a73309266,Everett Kane,34,male
6871bfd2fb74b00a73309267,Lamb Crane,25,male
6871bfd2fb74b00a73309268,Doreen Sellers,26,female
6871bfd2fb74b00a73309269,Ramsey Garner,30,male
6871bfd2fb74b00a7330926a,Mayra Hurley,24,female
6871bfd2fb74b00a7330926b,Henson Rodgers,32,male
6871bfd2fb74b00a7330926c,Lacey Jordan,35,female
6871bfd2fb74b00a7330926d,Lolita Colon,37,female
6871bfd2fb74b00a7330926e,Shepherd Haynes,38,male
6871bfd2fb74b00a7330926f,Cotton Pugh,32,male
6871bfd2fb74b00a73309270,Trudy Nielsen,38,female
6871bfd2fb74b00a73309271,Vera Livingston,21,female
6871bfd2fb74b00a73309272,Kathleen Campos,35,female
6871bfd2fb74b00a73309273,Fischer Contreras,22,male
6871bfd2fb74b00a73309274,Rosemary Hancock,21,female
6871bfd2fb74b00a73309275,Rachelle Horn,25,female
6871bfd2fb74b00a73309276,Lee Chavez,34,male
6871bfd2fb74b00a73309277,Bonnie Gamble,29,female
6871bfd2fb74b00a73309278,Robbins William,21,male
6871bfd2fb74b00a73309279,Cara Goodman,20,female
6871bfd2fb74b00a7330927a,Jodie Morris,37,female
6871bfd2fb74b00a7330927b,Marcy Harrington,32,female
6871bfd2fb74b00a7330927c,Tillman Grant,32,male
6871bfd2fb74b00a7330927d,Martinez Tate,21,male
6871bfd2fb74b00a7330927e,Christi Cleveland,22,female
6871bfd2fb74b00a7330927f,Strickland Jefferson,29,male
6871bfd2fb74b00a73309280,Rodgers English,25,male
6871bfd2fb74b00a73309281,Aguirre Cabrera,35,male
6871bfd2fb74b00a73309282,Liliana Murphy,38,female
6871bfd2fb74b00a73309283,Adams Hernandez,32,male
6871bfd2fb74b00a73309284,Helga Cox,24,female
6871bfd2fb74b00a73309285,Cindy Mckay,20,female
6871bfd2fb74b00a73309286,Gilliam Hansen,39,male
6871bfd2fb74b00a73309287,Angelique Drake,29,female
6871bfd2fb74b00a73309288,Talley Palmer,23,male
6871bfd2fb74b00a73309289,Francisca Parks,28,female
6871bfd2fb74b00a7330928a,Annmarie Mccormick,37,female
6871bfd2fb74b00a7330928b,Lesley Schultz,23,female
6871bfd2fb74b00a7330928c,Minerva Mayo,35,female
6871bfd2fb74b00a7330928d,Catherine Jacobson,26,female
6871bfd2fb74b00a7330928e,Shelly Wilson,39,female
6871bfd2fb74b00a7330928f,Marsh Peters,29,male
6871bfd2fb74b00a73309290,Cruz Floyd,25,male
6871bfd2fb74b00a73309291,Kirby Buckley,21,male
6871bfd2fb74b00a73309292,Maria Slater,39,female
6871bfd2fb74b00a73309293,Calhoun Robinson,27,male
6871bfd2fb74b00a73309294,Kline Skinner,28,male
6871bfd2fb74b00a73309295,Nash Brown,31,male
6871bfd2fb74b00a73309296,Sharp Walker,38,male
6871bfd2fb74b00a73309297,Jillian Harvey,37,female
6871bfd2fb74b00a73309298,Fisher Mercer,35,male
6871bfd2fb74b00a73309299,Stephanie Torres,26,female
6871bfd2fb74b00a7330929a,Edna Baxter,35,female
6871bfd2fb74b00a7330929b,Sheena Spence,28,female
6871bfd2fb74b00a7330929c,Bertha Shaw,31,female
6871bfd2fb74b00a7330929d,Consuelo Waller,34,female
6871bfd2fb74b00a7330929e,Randi Crosby,40,female
6871bfd2fb74b00a7330929f,Margie Langley,24,female
6871bfd2fb74b00a733092a0,Hester Graves,31,male
6871bfd2fb74b00a733092a1,Rhea Bradley,35,female
6871bfd2fb74b00a733092a2,Freida Knapp,39,female
6871bfd2fb74b00a733092a3,Kristy Mckee,23,female
6871bfd2fb74b00a733092a4,Lenora Stokes,35,female
6871bfd2fb74b00a733092a5,Sandoval Ellison,30,male
6871bfd2fb74b00a733092a6,Kerr Mcneil,22,male
6871bfd2fb74b00a733092a7,Rene Roberson,31,female
6871bfd2fb74b00a733092a8,Cleveland Watkins,37,male
6871bfd2fb74b00a733092a9,Craig Neal,39,male
6871bfd2fb74b00a733092aa,Tran Estrada,31,male
6871bfd2fb74b00a733092ab,Lydia Bauer,30,female
6871bfd2fb74b00a733092ac,Lila Benton,37,female
6871bfd2fb74b00a733092ad,Salas Webb,40,male
6871bfd2fb74b00a733092ae,Nina Pittman,25,female
6871bfd2fb74b00a733092af,Chaney Sears,38,male
6871bfd2fb74b00a733092b0,Boyer Norman,32,male
6871bfd2fb74b00a733092b1,Ruth Aguilar,31,female
6871bfd2fb74b00a733092b2,Shelley Cherry,36,female
6871bfd2fb74b00a733092b3,Meyer Horton,36,male
6871bfd2fb74b00a733092b4,Alvarez Mclaughlin,29,male
6871bfd2fb74b00a733092b5,Karen Stone,21,female
6871bfd2fb74b00a733092b6,Leann Knight,35,female
6871bfd2fb74b00a733092b7,Rebekah Nixon,25,female
6871bfd2fb74b00a733092b8,Hope Good,31,female
6871bfd2fb74b00a733092b9,Lakeisha Ford,22,female
6871bfd2fb74b00a733092ba,Gilda Peck,30,female
6871bfd2fb74b00a733092bb,Sheryl Hogan,39,female
6871bfd2fb74b00a733092bc,Davenport Dennis,37,male
6871bfd2fb74b00a733092bd,Wiggins Hayes,21,male
6871bfd2fb74b00a733092be,Guzman Evans,26,male
6871bfd2fb74b00a733092bf,Kinney Wynn,22,male
6871bfd2fb74b00a733092c0,Heath Mills,26,male
6871bfd2fb74b00a733092c1,Little Faulkner,30,male
6871bfd2fb74b00a733092c2,Chelsea Gray,37,female
6871bfd2fb74b00a733092c3,Malinda Roman,23,female
6871bfd2fb74b00a733092c4,White Rocha,22,male
6871bfd2fb74b00a733092c5,Oneill Petty,27,male
6871bfd2fb74b00a733092c6,Soto Ball,31,male
6871bfd2fb74b00a733092c7,Beck Holden,37,male
6871bfd2fb74b00a733092c8,Hunter Stuart,20,male
6871bfd2fb74b00a733092c9,Nikki Carney,29,female
6871bfd2fb74b00a733092ca,Casey Cochran,36,female
6871bfd2fb74b00a733092cb,Jaclyn Bryant,38,female
6871bfd2fb74b00a733092cc,Eve Johnson,27,female
6871bfd2fb74b00a733092cd,Megan Maldonado,25,female
6871bfd2fb74b00a733092ce,James Ewing,38,male
6871bfd2fb74b00a733092cf,Perez Delacruz,35,male
6871bfd2fb74b00a733092d0,Lorena Valenzuela,23,female
6871bfd2fb74b00a733092d1,Olson Poole,24,male
6871bfd2fb74b00a733092d2,Boyle Mays,31,male
6871bfd2fb74b00a733092d3,Lawrence Downs,38,male
6871bfd2fb74b00a733092d4,Hickman Mccall,30,male
6871bfd2fb74b00a733092d5,Montgomery Hendrix,23,male
6871bfd2fb74b00a733092d6,Ferguson Snyder,23,male
6871bfd2fb74b00a733092d7,Brooks Kent,30,male
6871bfd2fb74b00a733092d8,Jefferson Mckinney,20,male
6871bfd2fb74b00a733092d9,Janette Odom,26,female
6871bfd2fb74b00a733092da,Valeria Gardner,39,female
6871bfd2fb74b00a733092db,Lynda Mcclain,27,female
6871bfd2fb74b00a733092dc,Wilkins Hampton,28,male
6871bfd2fb74b00a733092dd,Sykes Blackwell,39,male
6871bfd2fb74b00a733092de,Delia Gibbs,31,female
6871bfd2fb74b00a733092df,Stark Lewis,26,male
6871bfd2fb74b00a733092e0,Lott Beasley,26,male
6871bfd2fb74b00a733092e1,Conrad Mendez,29,male
6871bfd2fb74b00a733092e2,Miles Noel,22,male
6871bfd2fb74b00a733092e3,Byers Barber,27,male
6871bfd2fb74b00a733092e4,Mabel Castillo,23,female
6871bfd2fb74b00a733092e5,Jeanne Nichols,27,female
6871bfd2fb74b00a733092e6,Sampson Cash,40,male
6871bfd2fb74b00a733092e7,Roy Dotson,31,male
6871bfd2fb74b00a733092e8,Daniels Price,22,male
6871bfd2fb74b00a733092e9,Reed Sutton,33,male
6871bfd2fb74b00a733092ea,Good Hudson,23,male
6871bfd2fb74b00a733092eb,Massey Parrish,36,male
6871bfd2fb74b00a733092ec,Marjorie Vega,26,female
6871bfd2fb74b00a733092ed,Hillary Anthony,39,female
6871bfd2fb74b00a733092ee,Jenifer Maynard,29,female
6871bfd2fb74b00a733092ef,Roth Spears,31,male
6871bfd2fb74b00a733092f0,Horn Frost,28,male
6871bfd2fb74b00a733092f1,Nora Hester,39,female
6871bfd2fb74b00a733092f2,York Chapman,31,male
6871bfd2fb74b00a733092f3,Eliza Noble,37,female
6871bfd2fb74b00a733092f4,Rhodes Mclean,21,male
6871bfd2fb74b00a733092f5,Puckett Madden,35,male
6871bfd2fb74b00a733092f6,Rose Singleton,25,female
6871bfd2fb74b00a733092f7,Naomi King,40,female
6871bfd2fb74b00a733092f8,Deena Henry,35,female
6871bfd2fb74b00a733092f9,Pollard Bray,23,male
6871bfd2fb74b00a733092fa,Fulton Diaz,40,male
6871bfd2fb74b00a733092fb,Carney Nguyen,25,male
6871bfd2fb74b00a733092fc,Mavis Leach,21,female
6871bfd2fb74b00a733092fd,Best Sanchez,28,male
6871bfd2fb74b00a733092fe,Roach Guzman,34,male
6871bfd2fb74b00a733092ff,Anthony Dickerson,28,male
6871bfd2fb74b00a73309300,Palmer Mann,25,male
6871bfd2fb74b00a73309301,Spence Medina,21,male
6871bfd2fb74b00a73309302,Mathews Mcdonald,33,male
6871bfd2fb74b00a73309303,Priscilla Franks,23,female
6871bfd2fb74b00a73309304,Alma Mcintosh,23,female
6871bfd2fb74b00a73309305,Haynes Joseph,38,male
6871bfd2fb74b00a73309306,Shirley Blankenship,21,female
6871bfd2fb74b00a73309307,Travis Mcfadden,24,male
6871bfd2fb74b00a73309308,Nolan Lindsay,34,male
6871bfd2fb74b00a73309309,Loraine Berg,36,female
6871bfd2fb74b00a7330930a,Mara Kirby,29,female
6871bfd2fb74b00a7330930b,Ellis Merritt,40,male
6871bfd2fb74b00a7330930c,Johanna Anderson,35,female
6871bfd2fb74b00a7330930d,Rowe Roberts,20,male
6871bfd2fb74b00a7330930e,Sanford Mercado,20,male
6871bfd2fb74b00a7330930f,Acosta Walter,24,male
6871bfd2fb74b00a73309310,Lily Chaney,29,female
6871bfd2fb74b00a73309311,Hess Dodson,27,male
6871bfd2fb74b00a73309312,Lorrie Mitchell,22,female
6871bfd2fb74b00a73309313,Veronica Wyatt,24,female
6871bfd2fb74b00a73309314,Lindsay Daniels,28,male
6871bfd2fb74b00a73309315,Gill Morrison,28,male
6871bfd2fb74b00a73309316,Padilla Gaines,23,male
6871bfd2fb74b00a73309317,Joyce Cruz,23,female
6871bfd2fb74b00a73309318,Marsha Humphrey,36,female
6871bfd2fb74b00a73309319,Deloris Walls,39,female
6871bfd2fb74b00a7330931a,Haney Mendoza,21,male
6871bfd2fb74b00a7330931b,Sabrina Morales,37,female
6871bfd2fb74b00a7330931c,Pierce Weeks,38,male
6871bfd2fb74b00a7330931d,Savannah Reilly,33,female
6871bfd2fb74b00a7330931e,Manning Park,23,male
6871bfd2fb74b00a7330931f,Audrey Harris,32,female
6871bfd2fb74b00a73309320,April Sosa,22,female
6871bfd2fb74b00a73309321,Hughes Fulton,21,male
6871bfd2fb74b00a73309322,Lilian Gilmore,38,female
6871bfd2fb74b00a73309323,Herminia Malone,33,female
6871bfd2fb74b00a73309324,Juarez Alvarez,40,male
6871bfd2fb74b00a73309325,Anne Gregory,20,female
6871bfd2fb74b00a73309326,Deana Wall,39,female
6871bfd2fb74b00a73309327,Ramona Marshall,36,female
6871bfd2fb74b00a73309328,Gena Giles,39,female
6871bfd2fb74b00a73309329,Clements Merrill,22,male
6871bfd2fb74b00a7330932a,Fowler Blevins,26,male
6871bfd2fb74b00a7330932b,Rosa Cohen,33,female
6871bfd2fb74b00a7330932c,Noreen Holt,33,female
6871bfd2fb74b00a7330932d,Carol Boone,32,female
6871bfd2fb74b00a7330932e,Cassandra Harper,38,female
6871bfd2fb74b00a7330932f,Holloway Hughes,32,male
6871bfd2fb74b00a73309330,Marilyn Carey,37,female
6871bfd2fb74b00a73309331,Alexander Whitley,33,male
6871bfd2fb74b00a73309332,Alfreda Osborn,26,female
6871bfd2fb74b00a73309333,Sweet Blackburn,30,male
6871bfd2fb74b00a73309334,Ina Sweet,27,female
6871bfd2fb74b00a73309335,Gray Meadows,25,male
6871bfd2fb74b00a73309336,Garza Patrick,40,male
6871bfd2fb74b00a73309337,Griffith Gilliam,31,male
6871bfd2fb74b00a73309338,Wright Jarvis,23,male
6871bfd2fb74b00a73309339,Sandy Dejesus,40,female
6871bfd2fb74b00a7330933a,Corinne Reid,39,female
6871bfd2fb74b00a7330933b,Romero Clarke,33,male
6871bfd2fb74b00a7330933c,Sonia Becker,26,female
6871bfd2fb74b00a7330933d,Noel Wilcox,29,male
6871bfd2fb74b00a7330933e,Mcleod Gomez,38,male
6871bfd2fb74b00a7330933f,Gallagher Pate,35,male
6871bfd2fb74b00a73309340,Salinas Bright,20,male
6871bfd2fb74b00a73309341,Diane Daugherty,30,female
6871bfd2fb74b00a73309342,Austin Carlson,39,male
6871bfd2fb74b00a73309343,Cornelia Dickson,35,female
6871bfd2fb74b00a73309344,Joanna Buchanan,31,female
6871bfd2fb74b00a73309345,Tameka Spencer,32,female
6871bfd2fb74b00a73309346,Stephenson Griffith,22,male
6871bfd2fb74b00a73309347,Moss Sykes,33,male
6871bfd2fb74b00a73309348,Colette Long,33,female
6871bfd2fb74b00a73309349,Nellie Dean,39,female
6871bfd2fb74b00a7330934a,Barker Cardenas,26,male
6871bfd2fb74b00a7330934b,Josefa Velazquez,21,female
6871bfd2fb74b00a7330934c,Snider Kelley,21,male
6871bfd2fb74b00a7330934d,Shannon Burke,33,female
6871bfd2fb74b00a7330934e,Regina Parker,21,female
6871bfd2fb74b00a7330934f,Aurora Valentine,23,female
6871bfd2fb74b00a73309350,Jami Hyde,23,female
6871bfd2fb74b00a73309351,Elvira York,34,female
6871bfd2fb74b00a73309352,Miller Mckenzie,24,male
6871bfd2fb74b00a73309353,Mccall Stevenson,33,male
6871bfd2fb74b00a73309354,Coffey Stanton,28,male
6871bfd2fb74b00a73309355,Josie Wade,23,female
6871bfd2fb74b00a73309356,Michelle Sloan,20,female
6871bfd2fb74b00a73309357,Schneider Brock,39,male
6871bfd2fb74b00a73309358,Keith Alexander,25,male
6871bfd2fb74b00a73309359,Wendi Bridges,23,female
6871bfd2fb74b00a7330935a,Polly Ashley,32,female
6871bfd2fb74b00a7330935b,Penelope Lynn,29,female
6871bfd2fb74b00a7330935c,Finley Acosta,27,male
6871bfd2fb74b00a7330935d,Luz Campbell,27,female
6871bfd2fb74b00a7330935e,Mamie Bradford,20,female
6871bfd2fb74b00a7330935f,Powers Fuller,37,male
6871bfd2fb74b00a73309360,Chapman Rosario,25,male
6871bfd2fb74b00a73309361,Danielle Justice,25,female
6871bfd2fb74b00a73309362,Suzette Holloway,34,female
6871bfd2fb74b00a73309363,Deanne Reese,26,female
6871bfd2fb74b00a73309364,Josefina Ballard,23,female
6871bfd2fb74b00a73309365,Marta Bartlett,35,female
6871bfd2fb74b00a73309366,Merritt Bentley,24,male
6871bfd2fb74b00a73309367,Hamilton Raymond,35,male
6871bfd2fb74b00a73309368,Jarvis Farrell,20,male
6871bfd2fb74b00a73309369,Farley Kerr,21,male
6871bfd2fb74b00a7330936a,Nona Beck,22,female
6871bfd2fb74b00a7330936b,Madeleine Oconnor,28,female
6871bfd2fb74b00a7330936c,Allen Santos,27,male
6871bfd2fb74b00a7330936d,Marisol Ellis,33,female
6871bfd2fb74b00a7330936e,Ross Hardy,25,male
6871bfd2fb74b00a7330936f,Burgess Frye,30,male
6871bfd2fb74b00a73309370,Willis Odonnell,23,male
6871bfd2fb74b00a73309371,Taylor Mcfarland,24,female
6871bfd2fb74b00a73309372,Riley Acevedo,31,male
6871bfd2fb74b00a73309373,Merrill Gallegos,27,male
6871bfd2fb74b00a73309374,Burnett Tillman,26,male
6871bfd2fb74b00a73309375,Blackburn Booker,22,male
6871bfd2fb74b00a73309376,Britt May,39,male
6871bfd2fb74b00a73309377,Bridget Hicks,39,female
6871bfd2fb74b00a73309378,Lara Williams,22,male
6871bfd2fb74b00a73309379,Burks Hunt,24,male
6871bfd2fb74b00a7330937a,Bullock Snider,25,male
6871bfd2fb74b00a7330937b,Bass Ferrell,28,male
6871bfd2fb74b00a7330937c,Dorsey Mullins,38,male
6871bfd2fb74b00a7330937d,Bernadette Hodge,23,female
6871bfd2fb74b00a7330937e,Marlene Carpenter,36,female
6871bfd2fb74b00a7330937f,Lopez Moore,26,male
6871bfd2fb74b00a73309380,Mona Tran,40,female
6871bfd2fb74b00a73309381,Kent Adkins,34,male
6871bfd2fb74b00a73309382,James Best,24,female
6871bfd2fb74b00a73309383,Helena Middleton,30,female
6871bfd2fb74b00a73309384,Althea Macias,37,female
6871bfd2fb74b00a73309385,Mcclain Davenport,34,male
6871bfd2fb74b00a73309386,Petra Mcmahon,34,female
6871bfd2fb74b00a73309387,Daniel Mejia,29,male
6871bfd2fb74b00a73309388,Leanna Fernandez,40,female
6871bfd2fb74b00a73309389,Espinoza Briggs,36,male
6871bfd2fb74b00a7330938a,Davis Burch,40,male
6871bfd2fb74b00a7330938b,Beach Duran,39,male
6871bfd2fb74b00a7330938c,Mclaughlin Norton,29,male
6871bfd2fb74b00a7330938d,Della Greer,34,female
6871bfd2fb74b00a7330938e,Ashley Patterson,38,male
6871bfd2fb74b00a7330938f,Lauri Carson,21,female
6871bfd2fb74b00a73309390,Drake Hoffman,27,male
6871bfd2fb74b00a73309391,Lizzie Johns,30,female
6871bfd2fb74b00a73309392,Wilder Bender,37,male
6871bfd2fb74b00a73309393,Henrietta Ortega,39,female
6871bfd2fb74b00a73309394,Clark Hodges,28,male
6871bfd2fb74b00a73309395,Walls Sanders,35,male
6871bfd2fb74b00a73309396,Angelita Chan,20,female
6871bfd2fb74b00a73309397,House Paul,27,male
6871bfd2fb74b00a73309398,Sherman Gutierrez,36,male
6871bfd2fb74b00a73309399,Nettie Figueroa,36,female
6871bfd2fb74b00a7330939a,Marietta Webster,30,female
6871bfd2fb74b00a7330939b,Tammy Hunter,39,female
6871bfd2fb74b00a7330939c,Turner Dale,23,male
6871bfd2fb74b00a7330939d,Chris Fox,28,female
6871bfd2fb74b00a7330939e,Barnett Leonard,32,male
6871bfd2fb74b00a7330939f,Jones Hensley,22,male
6871bfd2fb74b00a733093a0,Kara Burks,21,female
6871bfd2fb74b00a733093a1,Mendez Potts,26,male
6871bfd2fb74b00a733093a2,Beverley Oliver,20,female
6871bfd2fb74b00a733093a3,Tammie Goodwin,29,female
6871bfd2fb74b00a733093a4,Ola Erickson,29,female
6871bfd2fb74b00a733093a5,Ida Holder,31,female
6871bfd2fb74b00a733093a6,Janell Higgins,25,female
6871bfd2fb74b00a733093a7,Hendricks Church,29,male
6871bfd2fb74b00a733093a8,Day Bradshaw,21,male
6871bfd2fb74b00a733093a9,Schroeder Sparks,24,male
6871bfd2fb74b00a733093aa,Ann Mayer,35,female
6871bfd2fb74b00a733093ab,Brooke Bonner,22,female
6871bfd2fb74b00a733093ac,Lena Hobbs,32,female
6871bfd2fb74b00a733093ad,Blanchard Rowland,39,male
6871bfd2fb74b00a733093ae,Kelsey Mullen,25,female
6871bfd2fb74b00a733093af,Newton Thomas,33,male
6871bfd2fb74b00a733093b0,Luella Dawson,30,female
6871bfd2fb74b00a733093b1,Ava Macdonald,38,female
6871bfd2fb74b00a733093b2,Osborn Duke,32,male
6871bfd2fb74b00a733093b3,Mccoy Lott,21,male
6871bfd2fb74b00a733093b4,Kennedy Bullock,22,male
6871bfd2fb74b00a733093b5,Mcconnell Byers,23,male
6871bfd2fb74b00a733093b6,Jackson Curtis,29,male
6871bfd2fb74b00a733093b7,Wilkerson Warner,34,male
6871bfd2fb74b00a733093b8,Emily Moreno,31,female
6871bfd2fb74b00a733093b9,Bettye Hickman,26,female
6871bfd2fb74b00a733093ba,Cain Vargas,22,male
6871bfd2fb74b00a733093bb,Gabriela Roth,32,female
6871bfd2fb74b00a733093bc,Shana Fry,39,female
6871bfd2fb74b00a733093bd,Helene Guerrero,40,female
6871bfd2fb74b00a733093be,Holmes Murray,25,male
6871bfd2fb74b00a733093bf,Vasquez Hanson,27,male
6871bfd2fb74b00a733093c0,Mallory Richard,40,female
6871bfd2fb74b00a733093c1,Pena Combs,25,male
6871bfd2fb74b00a733093c2,Carrillo Mccarty,31,male
6871bfd2fb74b00a733093c3,Rosales Banks,33,male
6871bfd2fb74b00a733093c4,Roberson Phillips,27,male
6871bfd2fb74b00a733093c5,Mccarty Coleman,39,male
6871bfd2fb74b00a733093c6,Sanchez Garrett,26,male
6871bfd2fb74b00a733093c7,Ayala Bean,24,male
6871bfd2fb74b00a733093c8,Love Soto,39,male
6871bfd2fb74b00a733093c9,Bobbi Sharpe,37,female
6871bfd2fb74b00a733093ca,Kendra Sargent,35,female
6871bfd2fb74b00a733093cb,Hurley Patton,24,male
6871bfd2fb74b00a733093cc,Cantrell Parsons,20,male
6871bfd2fb74b00a733093cd,Patel Durham,22,male
6871bfd2fb74b00a733093ce,Shaffer Hopkins,38,male
6871bfd2fb74b00a733093cf,Mitzi Coffey,28,female
6871bfd2fb74b00a733093d0,Alice Rivera,31,female
6871bfd2fb74b00a733093d1,Cooper Hutchinson,27,male
6871bfd2fb74b00a733093d2,Decker Little,26,male
6871bfd2fb74b00a733093d3,Holcomb Browning,39,male
6871bfd2fb74b00a733093d4,Beth Estes,38,female
6871bfd2fb74b00a733093d5,Gina Gonzalez,28,female
6871bfd2fb74b00a733093d6,Hester Huff,20,female
6871bfd2fb74b00a733093d7,Winnie Lee,25,female
6871bfd2fb74b00a733093d8,Carly Sandoval,21,female
6871bfd2fb74b00a733093d9,Therese Vinson,37,female
6871bfd2fb74b00a733093da,Carter Mooney,30,male
6871bfd2fb74b00a733093db,Faulkner Keith,21,male
6871bfd2fb74b00a733093dc,Lori Benjamin,26,female
6871bfd2fb74b00a733093dd,Church Romero,22,male
6871bfd2fb74b00a733093de,Keller Ortiz,40,male
6871bfd2fb74b00a733093df,Woods Orr,31,male
6871bfd2fb74b00a733093e0,Karin Eaton,33,female
6871bfd2fb74b00a733093e1,Kirkland Buckner,38,male
6871bfd2fb74b00a733093e2,Lynn Lucas,36,male
6871bfd2fb74b00a733093e3,Flowers Beard,27,male
6871bfd2fb74b00a733093e4,Leigh Patel,29,female
6871bfd2fb74b00a733093e5,Holland Jimenez,23,male
6871bfd2fb74b00a733093e6,Sloan Butler,28,male
6871bfd2fb74b00a733093e7,Bell Harding,39,male
6871bfd2fb74b00a733093e8,May Glover,24,male
6871bfd2fb74b00a733093e9,Gutierrez Mcpherson,33,male
6871bfd2fb74b00a733093ea,Patrica Nieves,24,female
6871bfd2fb74b00a733093eb,Blanche Rosa,27,female
6871bfd2fb74b00a733093ec,Katrina Newton,22,female
6871bfd2fb74b00a733093ed,Theresa Bowen,37,female
6871bfd2fb74b00a733093ee,Laurie Atkins,24,female
6871bfd2fb74b00a733093ef,Wyatt Fitzgerald,39,male
6871bfd2fb74b00a733093f0,Beatrice Callahan,30,female
6871bfd2fb74b00a733093f1,Sosa Day,34,male
6871bfd2fb74b00a733093f2,Letitia Franco,35,female
6871bfd2fb74b00a733093f3,Mcfadden Golden,26,male
6871bfd2fb74b00a733093f4,Valencia Shepard,20,male
6871bfd2fb74b00a733093f5,Park Tyler,29,male
6871bfd2fb74b00a733093f6,Parsons Melton,27,male
6871bfd2fb74b00a733093f7,Willie Forbes,37,female
6871bfd2fb74b00a733093f8,Young Summers,34,male
6871bfd2fb74b00a733093f9,Brittany Schneider,23,female
6871bfd2fb74b00a733093fa,Lora Bowers,25,female
6871bfd2fb74b00a733093fb,Langley Daniel,33,male
6871bfd2fb74b00a733093fc,Martin Ruiz,20,male
6871bfd2fb74b00a733093fd,Gwendolyn Solomon,23,female
6871bfd2fb74b00a733093fe,Nadine Delgado,26,female
6871bfd2fb74b00a733093ff,Roberts Gates,39,male
6871bfd2fb74b00a73309400,Ebony Powers,39,female
6871bfd2fb74b00a73309401,Ericka Burris,23,female
6871bfd2fb74b00a73309402,Lois Fuentes,25,female
6871bfd2fb74b00a73309403,Johns Dyer,23,male
6871bfd2fb74b00a73309404,Cynthia Lambert,38,female
6871bfd2fb74b00a73309405,Leanne Levine,28,female
6871bfd2fb74b00a73309406,Sherri Shepherd,30,female
6871bfd2fb74b00a73309407,Mari Rutledge,27,female
6871bfd2fb74b00a73309408,Susana Watson,23,female
6871bfd2fb74b00a73309409,Barber Guy,31,male
6871bfd2fb74b00a7330940a,Huffman Rodriguez,37,male
6871bfd2fb74b00a7330940b,Tiffany Curry,40,female
6871bfd2fb74b00a7330940c,Mia Massey,28,female
6871bfd2fb74b00a7330940d,Spencer Atkinson,36,male
6871bfd2fb74b00a7330940e,Mary Burns,24,female
6871bfd2fb74b00a7330940f,Kidd Arnold,40,male
6871bfd2fb74b00a73309410,Buckley Dominguez,30,male
6871bfd2fb74b00a73309411,Aimee Clements,31,female
6871bfd2fb74b00a73309412,Chandler Goff,33,male
6871bfd2fb74b00a73309413,Valenzuela Mcknight,28,male
6871bfd2fb74b00a73309414,Colleen Calderon,21,female
6871bfd2fb74b00a73309415,Salazar Glass,39,male
6871bfd2fb74b00a73309416,Irma Bates,35,female
6871bfd2fb74b00a73309417,Katheryn Finch,30,female
6871bfd2fb74b00a73309418,Morin Alston,31,male
6871bfd2fb74b00a73309419,Benson Ross,31,male
6871bfd2fb74b00a7330941a,Rodriguez Hawkins,34,male
6871bfd2fb74b00a7330941b,Knapp Cote,23,male
6871bfd2fb74b00a7330941c,Gardner Herring,29,male
6871bfd2fb74b00a7330941d,Alexis Nash,27,female
6871bfd2fb74b00a7330941e,Gwen Thompson,36,female
6871bfd2fb74b00a7330941f,Wiley Whitfield,21,male
6871bfd2fb74b00a73309420,Hubbard Wilder,35,male
6871bfd2fb74b00a73309421,Williamson Kirkland,22,male
6871bfd2fb74b00a73309422,Bessie Cooke,23,female
6871bfd2fb74b00a73309423,Townsend Warren,20,male
6871bfd2fb74b00a73309424,Zelma Woods,27,female
6871bfd2fb74b00a73309425,Hudson Kidd,37,male
6871bfd2fb74b00a73309426,Janna Waters,28,female
6871bfd2fb74b00a73309427,Torres Mathews,37,male
6871bfd2fb74b00a73309428,Delgado Quinn,29,male
6871bfd2fb74b00a73309429,Liza Ayala,31,female
6871bfd2fb74b00a7330942a,Kate Jenkins,36,female
6871bfd2fb74b00a7330942b,Stuart Roy,29,male
6871bfd2fb74b00a7330942c,Bettie Sullivan,23,female
6871bfd2fb74b00a7330942d,Barrera Freeman,32,male
6871bfd2fb74b00a7330942e,Burke Cooper,28,male
6871bfd2fb74b00a7330942f,Gretchen Fischer,22,female
6871bfd2fb74b00a73309430,Darcy Donaldson,39,female
6871bfd2fb74b00a73309431,Kemp Donovan,36,male
6871bfd2fb74b00a73309432,Gabrielle Reeves,31,female
6871bfd2fb74b00a73309433,Alston Hines,25,male
6871bfd2fb74b00a73309434,Madelyn Britt,28,female
6871bfd2fb74b00a73309435,Bright Lindsey,25,male
6871bfd2fb74b00a73309436,Hart Small,29,male
6871bfd2fb74b00a73309437,Eloise Hinton,33,female
6871bfd2fb74b00a73309438,Sonya Heath,26,female
6871bfd2fb74b00a73309439,Greer Riggs,38,male
6871bfd2fb74b00a7330943a,Burris Weaver,29,male
6871bfd2fb74b00a7330943b,Nicholson Gill,36,male
6871bfd2fb74b00a7330943c,Maureen Jones,29,female
6871bfd2fb74b00a7330943d,Wallace Saunders,23,male
6871bfd2fb74b00a7330943e,Fuller Lowe,25,male
6871bfd2fb74b00a7330943f,Hyde Cameron,20,male
6871bfd2fb74b00a73309440,Rosalie Hull,31,female
6871bfd2fb74b00a73309441,Beasley Bond,35,male
6871bfd2fb74b00a73309442,Elsa Barr,23,female
6871bfd2fb74b00a73309443,Linda Petersen,22,female
6871bfd2fb74b00a73309444,Kimberley Chase,22,female
6871bfd2fb74b00a73309445,Essie Knowles,33,female
6871bfd2fb74b00a73309446,Daphne Barnes,30,female
6871bfd2fb74b00a73309447,Sims Peterson,34,male
6871bfd2fb74b00a73309448,Farrell Morton,36,male
6871bfd2fb74b00a73309449,Webster Pickett,39,male
6871bfd2fb74b00a7330944a,Paige Reed,31,female
6871bfd2fb74b00a7330944b,Sellers Nunez,25,male
6871bfd2fb74b00a7330944c,Jacobs Scott,28,male
6871bfd2fb74b00a7330944d,Neva Marquez,31,female
6871bfd2fb74b00a7330944e,Courtney Underwood,26,female
6871bfd2fb74b00a7330944f,Amy Holmes,22,female
6871bfd2fb74b00a73309450,Tonya Mcconnell,27,female
6871bfd2fb74b00a73309451,Charles Johnston,32,male
6871bfd2fb74b00a73309452,Copeland Hayden,34,male
6871bfd2fb74b00a73309453,Brenda Lang,21,female
6871bfd2fb74b00a73309454,Aida Klein,35,female
6871bfd2fb74b00a73309455,Tamika Wiley,25,female
6871bfd2fb74b00a73309456,Duncan Gilbert,30,male
6871bfd2fb74b00a73309457,Mcpherson Christensen,28,male
6871bfd2fb74b00a73309458,Barlow Mcmillan,34,male
6871bfd2fb74b00a73309459,Evans Stevens,30,male
6871bfd2fb74b00a7330945a,Molina Garrison,33,male
6871bfd2fb74b00a7330945b,Pamela Collier,33,female
6871bfd2fb74b00a7330945c,Ada Hoover,34,female
6871bfd2fb74b00a7330945d,Barton Porter,38,male
6871bfd2fb74b00a7330945e,Baldwin Shaffer,20,male
6871bfd2fb74b00a7330945f,Contreras Mcintyre,38,male
6871bfd2fb74b00a73309460,Lindsey Stanley,31,male
6871bfd2fb74b00a73309461,Morgan Woodard,22,female
6871bfd2fb74b00a73309462,Yolanda Luna,20,female
6871bfd2fb74b00a73309463,Marcella Carter,28,female
6871bfd2fb74b00a73309464,Acevedo Wagner,27,male
6871bfd2fb74b00a73309465,Brown Wiggins,27,male
6871bfd2fb74b00a73309466,Chrystal Clay,25,female
6871bfd2fb74b00a73309467,Iva Gonzales,28,female
6871bfd2fb74b00a73309468,Munoz Savage,24,male
6871bfd2fb74b00a73309469,Dotson Hatfield,23,male
6871bfd2fb74b00a7330946a,Faith Andrews,35,female
6871bfd2fb74b00a7330946b,Britney Bell,39,female
6876ca3d2b519bd382460b7d,Aurelia Gonzales,20,female
6876ca452b519bd382460b7e,Aurelia Gonzales,20,female
6876cb612b519bd382460b7f,Dileep,45,male
6876d11b2b519bd382460b80,Lau,44,male
6879d0945b5d59689d7a39da,Aurelia Gonzales,20,female
6879d0c77a0e2318421f1102,Aurelia Gonzales,20,female
687c0b47cea931000b243c2c,Aurelia Gonzales,20,female
687c0ccf1b5fdf634f8c583f,Aurelia Gonzales,20,female
687c0cd61b5fdf634f8c5840,Aurelia Gonzales,20,female
687c1d7f189e7f43c0befd49,Aurelia Gonzales,20,female
